{"cameraMode":{"drawMode":0,"name":"Shaded","section":"Shading Mode"},"sceneLighting":true,"audioPlay":false,"sceneViewState":{"m_AlwaysRefresh":false,"showFog":true,"showSkybox":true,"showFlares":true,"showImageEffects":true,"showParticleSystems":true,"showVisualEffectGraphs":true,"m_FxEnabled":true},"in2DMode":false,"pivot":{"x":-1.5158799886703492,"y":5.273681163787842,"z":1.9468554258346558},"rotation":{"x":0.4269827902317047,"y":0.026870325207710267,"z":-0.012604023329913617,"w":0.903886079788208},"size":13.361002922058106,"orthographic":false}