{"cameraMode":{"drawMode":0,"name":"Shaded","section":"Shading Mode"},"sceneLighting":true,"audioPlay":false,"sceneViewState":{"m_AlwaysRefresh":false,"showFog":true,"showSkybox":true,"showFlares":true,"showImageEffects":true,"showParticleSystems":true,"showVisualEffectGraphs":true,"m_FxEnabled":true},"in2DMode":false,"pivot":{"x":0.2723963260650635,"y":13.248849868774414,"z":5.947764873504639},"rotation":{"x":0.28864049911499026,"y":-0.014642863534390927,"z":0.0045022061094641689,"w":0.9574275016784668},"size":0.963742733001709,"orthographic":false}