{"cameraMode":{"drawMode":0,"name":"Shaded","section":"Shading Mode"},"sceneLighting":true,"audioPlay":false,"sceneViewState":{"m_AlwaysRefresh":false,"showFog":true,"showSkybox":true,"showFlares":true,"showImageEffects":true,"showParticleSystems":true,"showVisualEffectGraphs":true,"m_FxEnabled":true},"in2DMode":false,"pivot":{"x":3.507272958755493,"y":2.1395015716552736,"z":4.569713592529297},"rotation":{"x":0.274661123752594,"y":-0.08353665471076966,"z":0.023935046046972276,"w":0.9576402902603149},"size":1.4450781345367432,"orthographic":false}